id,implementation,seed,repeat,best_epoch,train_accuracy,train_balanced_accuracy,train_macro_precision,train_macro_recall,train_macro_f1,train_weighted_f1,train_top3_accuracy,train_top5_accuracy,train_negative_log_likelihood,train_brier_score,train_ece,train_mce,train_mean_confidence,train_confidence_correct,train_confidence_incorrect,train_multiclass_roc_auc_ovr_macro,train_average_precision_macro,validation_accuracy,validation_balanced_accuracy,validation_macro_precision,validation_macro_recall,validation_macro_f1,validation_weighted_f1,validation_top3_accuracy,validation_top5_accuracy,validation_negative_log_likelihood,validation_brier_score,validation_ece,validation_mce,validation_mean_confidence,validation_confidence_correct,validation_confidence_incorrect,validation_multiclass_roc_auc_ovr_macro,validation_average_precision_macro,test_accuracy,test_balanced_accuracy,test_macro_precision,test_macro_recall,test_macro_f1,test_weighted_f1,test_top3_accuracy,test_top5_accuracy,test_negative_log_likelihood,test_brier_score,test_ece,test_mce,test_mean_confidence,test_confidence_correct,test_confidence_incorrect,test_multiclass_roc_auc_ovr_macro,test_average_precision_macro,train_minus_validation_accuracy,train_minus_test_accuracy,validation_minus_train_nll,test_minus_train_nll
seed-42-repeat-1-python,python,42,1,25,0.5357777777777778,0.5357777777777778,0.5400397616949366,0.5357777777777778,0.5331484194666691,0.533148419466669,0.8397333333333333,0.9382222222222222,1.3169291292048382,0.6047948398246683,0.043463612125469016,0.07425773225430898,0.4924152501984181,0.5587807555279705,0.4158201169530611,0.8984501816186556,0.5663443547424889,0.5292,0.5292,0.5333541913676052,0.5292,0.5265420678051633,0.5265420678051634,0.8344,0.9368,1.3258413029421372,0.6122916599233006,0.040634870795570724,0.07973818010735234,0.48965250528678217,0.554787664614209,0.4164377085236676,0.8973206666666667,0.5549363264757268,0.5209,0.5209,0.5264307658103312,0.5209,0.518472752103007,0.518472752103007,0.8391,0.9415,1.3281280773242994,0.6123189097911308,0.029183844028028996,0.06278764200746689,0.49205449801776147,0.5623568597280449,0.4156184716873782,0.8967921999999999,0.5592568313674381,0.0065777777777777935,0.014877777777777768,0.008912173737299023,0.011198948119461205
seed-42-repeat-1-assembly,assembly,42,1,25,0.5359333333333334,0.5359333333333334,0.5402369534183207,0.5359333333333334,0.5333030713657081,0.5333030713657081,0.8396444444444444,0.9380666666666667,1.3170139081705725,0.6048422125389604,0.043671590678648876,0.0755299011292555,0.4923557851897242,0.5586256080559502,0.4158232315305386,0.8984409700960221,0.5663318050155659,0.5278,0.5278,0.5320313398863684,0.5278,0.5251212328445616,0.5251212328445616,0.834,0.9364,1.325850378727545,0.6122915185530403,0.0395198491995202,0.07184192348440022,0.4895708362838673,0.5555692280843533,0.4158013504890843,0.8973248,0.5550781683564555,0.5208,0.5208,0.5265563143499552,0.5208,0.5184963397502186,0.5184963397502186,0.8392,0.9414,1.3281373564154664,0.6123284378407525,0.029183059537476876,0.06357130302271552,0.49197885097052224,0.5624648772839166,0.41537383739786826,0.8968064333333334,0.5594248039632367,0.008133333333333326,0.015133333333333332,0.008836470556972564,0.011123448244893863
seed-42-repeat-2-assembly,assembly,42,2,25,0.5359333333333334,0.5359333333333334,0.5402369534183207,0.5359333333333334,0.5333030713657081,0.5333030713657081,0.8396444444444444,0.9380666666666667,1.3170139081705725,0.6048422125389604,0.043671590678648876,0.0755299011292555,0.4923557851897242,0.5586256080559502,0.4158232315305386,0.8984409700960221,0.5663318050155659,0.5278,0.5278,0.5320313398863684,0.5278,0.5251212328445616,0.5251212328445616,0.834,0.9364,1.325850378727545,0.6122915185530403,0.0395198491995202,0.07184192348440022,0.4895708362838673,0.5555692280843533,0.4158013504890843,0.8973248,0.5550781683564555,0.5208,0.5208,0.5265563143499552,0.5208,0.5184963397502186,0.5184963397502186,0.8392,0.9414,1.3281373564154664,0.6123284378407525,0.029183059537476876,0.06357130302271552,0.49197885097052224,0.5624648772839166,0.41537383739786826,0.8968064333333334,0.5594248039632367,0.008133333333333326,0.015133333333333332,0.008836470556972564,0.011123448244893863
seed-42-repeat-2-python,python,42,2,25,0.5357777777777778,0.5357777777777778,0.5400397616949366,0.5357777777777778,0.5331484194666691,0.533148419466669,0.8397333333333333,0.9382222222222222,1.3169291292048382,0.6047948398246683,0.043463612125469016,0.07425773225430898,0.4924152501984181,0.5587807555279705,0.4158201169530611,0.8984501816186556,0.5663443547424889,0.5292,0.5292,0.5333541913676052,0.5292,0.5265420678051633,0.5265420678051634,0.8344,0.9368,1.3258413029421372,0.6122916599233006,0.040634870795570724,0.07973818010735234,0.48965250528678217,0.554787664614209,0.4164377085236676,0.8973206666666667,0.5549363264757268,0.5209,0.5209,0.5264307658103312,0.5209,0.518472752103007,0.518472752103007,0.8391,0.9415,1.3281280773242994,0.6123189097911308,0.029183844028028996,0.06278764200746689,0.49205449801776147,0.5623568597280449,0.4156184716873782,0.8967921999999999,0.5592568313674381,0.0065777777777777935,0.014877777777777768,0.008912173737299023,0.011198948119461205
seed-43-repeat-1-assembly,assembly,43,1,25,0.5211777777777777,0.5211777777777779,0.5210185511346815,0.5211777777777779,0.5145084571993757,0.5145084571993757,0.8313777777777778,0.9334444444444444,1.3553935916168145,0.6206585980301352,0.04010166713264364,0.1331645223036227,0.48128792648164437,0.5462532881561837,0.4105758724902315,0.8935058946502057,0.5490740862808061,0.5118,0.5118,0.5123887780587361,0.5118,0.5052378038708846,0.5052378038708845,0.8274,0.9296,1.368399388281369,0.6290278451156123,0.0342983533560984,0.08835068614656938,0.48047226006469546,0.545273094319337,0.41253889879569583,0.8916636,0.5393991340137513,0.5132,0.5132,0.5120580537557451,0.5132,0.5053748187217091,0.5053748187217092,0.8247,0.9334,1.3696220180362697,0.6278756796770113,0.031243912768739657,0.06278962143407207,0.4833105158906859,0.5492819492152425,0.413761338441708,0.8915507111111112,0.5385703251859711,0.009377777777777707,0.00797777777777775,0.013005796664554481,0.014228426419455209
seed-43-repeat-1-python,python,43,1,25,0.5209555555555555,0.5209555555555555,0.5206883714122726,0.5209555555555555,0.5142569745461828,0.5142569745461829,0.8313555555555555,0.9332666666666667,1.3552643887734808,0.6205895801012337,0.03988557884601955,0.1321306719972791,0.48128763360630716,0.5463912328055879,0.41048818674316584,0.8935137997256515,0.5491375991732605,0.5116,0.5115999999999999,0.5121267517892374,0.5115999999999999,0.5049529986810777,0.5049529986810778,0.828,0.9296,1.368240262892119,0.6289799814766739,0.035152453648297916,0.08399753215009131,0.480484704699711,0.545375429958685,0.4125115371270428,0.8916785777777777,0.5394153469184972,0.5138,0.5137999999999999,0.5127972006602429,0.5137999999999999,0.505919745037307,0.5059197450373069,0.8247,0.9333,1.3695390895036692,0.627814332296149,0.03182261898827821,0.06423636696655677,0.4832972546584979,0.5489490803229504,0.4139185873890702,0.8915456666666668,0.5386486299334232,0.00935555555555545,0.007155555555555471,0.01297587411863832,0.014274700730188439
seed-43-repeat-2-python,python,43,2,25,0.5209555555555555,0.5209555555555555,0.5206883714122726,0.5209555555555555,0.5142569745461828,0.5142569745461829,0.8313555555555555,0.9332666666666667,1.3552643887734808,0.6205895801012337,0.03988557884601955,0.1321306719972791,0.48128763360630716,0.5463912328055879,0.41048818674316584,0.8935137997256515,0.5491375991732605,0.5116,0.5115999999999999,0.5121267517892374,0.5115999999999999,0.5049529986810777,0.5049529986810778,0.828,0.9296,1.368240262892119,0.6289799814766739,0.035152453648297916,0.08399753215009131,0.480484704699711,0.545375429958685,0.4125115371270428,0.8916785777777777,0.5394153469184972,0.5138,0.5137999999999999,0.5127972006602429,0.5137999999999999,0.505919745037307,0.5059197450373069,0.8247,0.9333,1.3695390895036692,0.627814332296149,0.03182261898827821,0.06423636696655677,0.4832972546584979,0.5489490803229504,0.4139185873890702,0.8915456666666668,0.5386486299334232,0.00935555555555545,0.007155555555555471,0.01297587411863832,0.014274700730188439
seed-43-repeat-2-assembly,assembly,43,2,25,0.5211777777777777,0.5211777777777779,0.5210185511346815,0.5211777777777779,0.5145084571993757,0.5145084571993757,0.8313777777777778,0.9334444444444444,1.3553935916168145,0.6206585980301352,0.04010166713264364,0.1331645223036227,0.48128792648164437,0.5462532881561837,0.4105758724902315,0.8935058946502057,0.5490740862808061,0.5118,0.5118,0.5123887780587361,0.5118,0.5052378038708846,0.5052378038708845,0.8274,0.9296,1.368399388281369,0.6290278451156123,0.0342983533560984,0.08835068614656938,0.48047226006469546,0.545273094319337,0.41253889879569583,0.8916636,0.5393991340137513,0.5132,0.5132,0.5120580537557451,0.5132,0.5053748187217091,0.5053748187217092,0.8247,0.9334,1.3696220180362697,0.6278756796770113,0.031243912768739657,0.06278962143407207,0.4833105158906859,0.5492819492152425,0.413761338441708,0.8915507111111112,0.5385703251859711,0.009377777777777707,0.00797777777777775,0.013005796664554481,0.014228426419455209
seed-44-repeat-1-python,python,44,1,25,0.5325111111111112,0.5325111111111112,0.5284168204293782,0.5325111111111112,0.5254805571920457,0.5254805571920456,0.8410444444444445,0.9393333333333334,1.3204592337692065,0.6067322432559977,0.04653822707881605,0.1298848214955385,0.48643408241644065,0.5538925849356293,0.409592893279809,0.8977765437585734,0.5611135706491698,0.5212,0.5212000000000001,0.5182038778643985,0.5212000000000001,0.5136556479338693,0.5136556479338693,0.8416,0.9372,1.3357301772802432,0.6177437905103111,0.03593208881449939,0.05647763426951791,0.4863544120342468,0.5521986990505388,0.414679302608826,0.8956226222222222,0.5458059625168874,0.5251,0.5251,0.5210184053726022,0.5251,0.5179335408723666,0.5179335408723665,0.8378,0.9405,1.335124064105317,0.6154070208992677,0.03662685892834832,0.052481283980732374,0.48959674146437776,0.5564318812402664,0.41569669535715686,0.8954562111111108,0.5500078983536769,0.01131111111111116,0.007411111111111146,0.01527094351103675,0.014664830336110546
seed-44-repeat-1-assembly,assembly,44,1,25,0.5328888888888889,0.5328888888888889,0.5290515754988336,0.5328888888888889,0.5257530291686455,0.5257530291686455,0.8406222222222223,0.9392444444444444,1.3197953837420575,0.6065566615539778,0.046175478819580756,0.131999037897196,0.4872569923053243,0.5547185748569976,0.410295586520875,0.8978924663923182,0.5614401495154059,0.521,0.5210000000000001,0.5184385992535399,0.5210000000000001,0.5134352704529359,0.5134352704529359,0.8424,0.9382,1.334442745754328,0.6173343442653438,0.034856666242778514,0.07725127327294934,0.48714742823253016,0.5532783249544247,0.4152179977688413,0.8959303111111112,0.5464525715046468,0.5257,0.5257000000000001,0.5218438932432352,0.5257000000000001,0.5182384618783378,0.5182384618783378,0.8388,0.9412,1.335244777174899,0.615578799524274,0.036533319040829855,0.045633385786546854,0.4902452022531806,0.5569932168058431,0.41626369002392755,0.8954521,0.5499518633417984,0.011888888888888838,0.007188888888888911,0.01464736201227046,0.015449393432841463
seed-44-repeat-2-assembly,assembly,44,2,25,0.5328888888888889,0.5328888888888889,0.5290515754988336,0.5328888888888889,0.5257530291686455,0.5257530291686455,0.8406222222222223,0.9392444444444444,1.3197953837420575,0.6065566615539778,0.046175478819580756,0.131999037897196,0.4872569923053243,0.5547185748569976,0.410295586520875,0.8978924663923182,0.5614401495154059,0.521,0.5210000000000001,0.5184385992535399,0.5210000000000001,0.5134352704529359,0.5134352704529359,0.8424,0.9382,1.334442745754328,0.6173343442653438,0.034856666242778514,0.07725127327294934,0.48714742823253016,0.5532783249544247,0.4152179977688413,0.8959303111111112,0.5464525715046468,0.5257,0.5257000000000001,0.5218438932432352,0.5257000000000001,0.5182384618783378,0.5182384618783378,0.8388,0.9412,1.335244777174899,0.615578799524274,0.036533319040829855,0.045633385786546854,0.4902452022531806,0.5569932168058431,0.41626369002392755,0.8954521,0.5499518633417984,0.011888888888888838,0.007188888888888911,0.01464736201227046,0.015449393432841463
seed-44-repeat-2-python,python,44,2,25,0.5325111111111112,0.5325111111111112,0.5284168204293782,0.5325111111111112,0.5254805571920457,0.5254805571920456,0.8410444444444445,0.9393333333333334,1.3204592337692065,0.6067322432559977,0.04653822707881605,0.1298848214955385,0.48643408241644065,0.5538925849356293,0.409592893279809,0.8977765437585734,0.5611135706491698,0.5212,0.5212000000000001,0.5182038778643985,0.5212000000000001,0.5136556479338693,0.5136556479338693,0.8416,0.9372,1.3357301772802432,0.6177437905103111,0.03593208881449939,0.05647763426951791,0.4863544120342468,0.5521986990505388,0.414679302608826,0.8956226222222222,0.5458059625168874,0.5251,0.5251,0.5210184053726022,0.5251,0.5179335408723666,0.5179335408723665,0.8378,0.9405,1.335124064105317,0.6154070208992677,0.03662685892834832,0.052481283980732374,0.48959674146437776,0.5564318812402664,0.41569669535715686,0.8954562111111108,0.5500078983536769,0.01131111111111116,0.007411111111111146,0.01527094351103675,0.014664830336110546
