id,order,implementation,seed,repeat,best_epoch,training_seconds,training_cpu_seconds,peak_rss_loaded_bytes,peak_rss_training_bytes,peak_rss_bytes,final_evaluation_seconds,process_wall_seconds,process_cpu_seconds,train_phase_seconds,validation_phase_seconds,training_average_cores,training_images_per_second,checkpoint_writes,checkpoint_write_bytes,batch1_p50_ms,batch1_p95_ms,batch1_p99_ms,batch1_mean_ms,batch1_images_per_second,batch128_p50_ms,batch128_p95_ms,batch128_p99_ms,batch128_mean_ms,batch128_images_per_second
seed-42-repeat-1-python,1,python,42,1,25,168.93024820787832,253.822981,472039424.0,550207488.0,550305792.0,3.6107953749597073,174.4868354999926,262.83808600000003,161.835515041,7.083757791,1.5025312736630583,6951.502577879697,19,411768,0.12283306568861008,0.1465440378524363,0.17646175576373976,0.12640705797821283,7910.950669956714,7.450062897987664,7.832731818780303,7.880910292733461,7.440000455826521,17204.30002121287
seed-42-repeat-1-assembly,2,assembly,42,1,25,101.985398042,202.026508,195543040.0,196591616.0,199901184.0,2.125279583,104.65856658411212,207.303772,97.49820629,4.479315542,1.9809356229290855,11538.67381573959,19,411768,0.045083463191986084,0.04975193878635764,0.051057226955890704,0.045714995358139277,21874.660429599193,4.325895803049207,4.4222001219168305,4.445208227261901,4.327506669797003,29578.2328640534
seed-42-repeat-2-assembly,3,assembly,42,2,25,101.401349208,201.141068,195559424.0,196608000.0,200032256.0,2.108753667,104.06150183314458,206.39022300000002,96.954973459,4.440892583,1.9836133303059746,11603.324304716934,19,411768,0.045187538489699364,0.04976883064955473,0.0526771740987897,0.04592208191752434,21776.016204927106,4.30891674477607,4.536797886248678,4.584627957083285,4.339377081487328,29497.321296661274
seed-42-repeat-2-python,4,python,42,2,25,172.22126337513328,258.110929,473432064.0,550109184.0,550191104.0,3.4736938341520727,177.6589787080884,266.925463,164.96366754,7.249206543,1.4987169641055378,6819.683490167389,19,411768,0.12170849367976189,0.13528368435800076,0.14234268805012107,0.12242461554706097,8168.29193648227,7.040416938252747,7.578366494271903,7.9674825747497415,7.123091195244342,17969.72641392797
seed-43-repeat-1-assembly,5,assembly,43,1,25,101.455165208,201.534756,195543040.0,196591616.0,199901184.0,2.153973625,104.17344641708769,206.904804,96.979934294,4.469974087,1.9864415536342594,11600.337824415314,21,455112,0.0452499371021986,0.04820829490199685,0.05045979516580701,0.04568250384181738,21890.218703043338,4.4576459331437945,4.57794179674238,4.60624597966671,4.460265419911593,28697.84372664914
seed-43-repeat-1-python,6,python,43,1,25,172.3524422920309,258.72705199999996,471875584.0,553893888.0,554008576.0,3.45157999987714,177.6719473330304,267.525098,165.00646575,7.337074459,1.5011510632475835,6817.9146488991455,21,455112,0.12133351992815733,0.1313545391894877,0.13471256708726287,0.12236133683472872,8172.516138416191,6.973374984227121,7.312567485496402,7.428824570961297,7.02572496375069,18218.760435459328
seed-43-repeat-2-python,7,python,43,2,25,172.833479834022,259.414028,472039424.0,552370176.0,552452096.0,3.497010374907404,178.46602204092778,268.25877,165.628185124,7.196526085,1.5009477807721299,6792.322207465789,21,455112,0.11920859105885029,0.12967911316081882,0.13585048494860538,0.1207012333907187,8284.919481832692,7.080250419676304,7.4920580140315,7.793712930288167,7.13848412502557,17930.97774796011
seed-43-repeat-2-assembly,8,assembly,43,2,25,101.925872208,202.1725,195543040.0,196591616.0,199901184.0,2.168044542,104.64818004099652,207.498185,97.433859498,4.486304417,1.9835248462473478,11546.294130153929,21,455112,0.044625019654631615,0.04935832694172859,0.0516898510977626,0.04525958327576518,22094.76817113035,4.373166710138321,4.509081190917641,4.5895415055565545,4.386093749199063,29183.142750510946
seed-44-repeat-1-python,9,python,44,1,25,176.44367329101078,264.585044,472465408.0,552550400.0,552566784.0,3.5274019590578973,182.0161447499413,273.55255,169.089588793,7.345151626,1.4995439568049376,6653.277756664419,20,433440,0.11379155330359936,0.12729410082101822,0.13412553817033768,0.11266838293522596,8875.604441530937,7.004354381933808,7.915593148209155,8.230269341729583,7.076511671766639,18088.0080380119
seed-44-repeat-1-assembly,10,assembly,44,1,25,100.990756333,200.701345,195559424.0,196657152.0,200081408.0,2.085969292,103.63144116685726,205.919496,96.56856304,4.416330375,1.9873239124798823,11649.753963243813,21,455112,0.044791726395487785,0.05771445576101541,0.06854878272861274,0.04698124947026372,21285.0873758251,4.326687543652952,4.457979206927121,4.7295824508182704,4.341004162561148,29486.265206546428
seed-44-repeat-2-assembly,11,assembly,44,2,25,100.260931125,199.523441,195559424.0,196608000.0,200032256.0,2.096111708,102.90716925007291,204.747676,95.856448333,4.399106623,1.9900417716173489,11736.299639350418,21,455112,0.044458312913775444,0.04829580429941416,0.049292894545942545,0.04494833527132869,22247.764994266043,4.279312561266124,4.351933335419744,4.366869276855141,4.281799998134375,29893.969838799323
seed-44-repeat-2-python,12,python,44,2,25,167.32476274995133,252.435805,472760320.0,551829504.0,551927808.0,3.31304366607219,172.5775697089266,260.968679,160.306485211,7.00709946,1.5086577793463711,7017.807161820327,20,433440,0.11527049355208874,0.12237111805006862,0.12858540285378697,0.11563626118004322,8647.806404281968,6.819895934313536,7.133294211234897,7.6792121422477075,6.871492045465857,18627.686556729786
