epoch,train_loss,train_accuracy,val_loss,val_accuracy,train_seconds,val_seconds,epoch_seconds,selected_epoch
1,2.02014668618,0.255155555556,1.8589656405,0.3122,3.789958167,0.180135750,3.970320417,1
2,1.77727460249,0.346422222222,1.72719344355,0.3542,3.827105333,0.176837208,4.004155958,2
3,1.70282841749,0.374933333333,1.67728352775,0.374,3.843453292,0.176608000,4.020252375,3
4,1.66237518214,0.397222222222,1.63799285307,0.3998,3.852909875,0.177934958,4.031086125,4
5,1.63052010601,0.410044444444,1.60649068863,0.4058,3.858253625,0.176517667,4.035005875,5
6,1.5977325632,0.422688888889,1.5703078821,0.4234,3.883907500,0.178023667,4.062160792,6
7,1.57069748676,0.435488888889,1.54872985669,0.4292,3.896583125,0.176389375,4.073342708,7
8,1.54614953467,0.447555555556,1.54749771667,0.4256,3.873365208,0.178977667,4.052343250,7
9,1.52481683754,0.454088888889,1.51647135541,0.444,3.881345333,0.175588958,4.057230167,9
10,1.50382719864,0.463488888889,1.48881145577,0.4614,3.895259875,0.177991208,4.073456500,10
11,1.48582916533,0.468666666667,1.49131314351,0.4568,3.907944583,0.178192542,4.086137333,10
12,1.46882685698,0.477866666667,1.45192152148,0.4698,3.888222042,0.179455125,4.068026083,12
13,1.45244250122,0.484866666667,1.43983757062,0.4794,3.930179042,0.178849625,4.109180417,13
14,1.4355878163,0.490222222222,1.42390943138,0.4888,3.889812292,0.178965250,4.068977125,14
15,1.42388111674,0.495222222222,1.42360213266,0.4818,3.915463708,0.180795125,4.096259083,14
16,1.40933430083,0.500066666667,1.40023533045,0.4952,3.905269042,0.179568292,4.085246625,16
17,1.39767921566,0.506688888889,1.38498248311,0.5018,3.918747625,0.178655958,4.097627917,17
18,1.38465588651,0.510911111111,1.38073705052,0.5006,3.896036667,0.178205250,4.074242125,17
19,1.37529939132,0.5154,1.37120801448,0.506,3.892957833,0.178472958,4.071903042,19
20,1.37035217885,0.516555555556,1.3683249394,0.5088,3.898077167,0.174814667,4.073133208,20
21,1.35803892634,0.520933333333,1.35707875992,0.5144,3.873063000,0.175933083,4.049209625,21
22,1.35015366511,0.523155555556,1.35218743033,0.5176,3.858828125,0.175179500,4.034238792,22
23,1.3440720299,0.527111111111,1.36011473017,0.514,3.856430083,0.175756125,4.032186458,22
24,1.33758122421,0.527955555556,1.35804889553,0.5156,3.854747167,0.176870208,4.031617750,22
25,1.32940997878,0.531,1.3258503801,0.5278,3.867053750,0.176174417,4.043402250,25
