epoch,train_loss,train_accuracy,val_loss,val_accuracy,train_seconds,val_seconds,epoch_seconds,selected_epoch
1,2.02806919142,0.254666666667,1.88664873085,0.2996,6.409916916,0.286257083,6.696527500,1
2,1.81499868605,0.330022222222,1.77537688599,0.338,6.404120417,0.282881417,6.687383417,2
3,1.7288658955,0.364466666667,1.70161162243,0.3644,6.522300292,0.281811583,6.804487917,3
4,1.67597773719,0.3894,1.65808497944,0.3878,6.463143875,0.290621709,6.754053625,4
5,1.64129049168,0.4036,1.62899173374,0.4012,6.682075917,0.288620250,6.971021250,5
6,1.60886950539,0.421266666667,1.60898969135,0.4124,6.680327083,0.291956541,6.972664333,6
7,1.57726495164,0.434022222222,1.57199207783,0.4286,6.693823042,0.287576875,6.981797792,7
8,1.55145849932,0.444155555556,1.5399794487,0.4434,6.534733541,0.288195959,6.823330541,8
9,1.52601756602,0.455333333333,1.52158593693,0.4528,6.723848708,0.286243959,7.010464250,9
10,1.50925849775,0.462844444444,1.50824916649,0.455,6.472008125,0.290478208,6.762876084,10
11,1.49248146392,0.469555555556,1.48448786392,0.4588,6.518197458,0.287833459,6.806445583,11
12,1.47425072873,0.476844444444,1.47554221115,0.4638,6.717947791,0.288397875,7.006708916,12
13,1.46213609013,0.481177777778,1.46711908817,0.473,6.717438334,0.282563959,7.000352750,13
14,1.44941277743,0.483688888889,1.44506686363,0.4766,6.487784875,0.291098750,6.779221625,14
15,1.43902291082,0.489555555556,1.43158372917,0.4838,6.568056084,0.287791875,6.856152125,15
16,1.42832718841,0.492688888889,1.43032104187,0.4826,6.738497708,0.285821958,7.024342625,15
17,1.41912546181,0.496333333333,1.41952361965,0.4886,6.693600750,0.288666042,6.982657917,17
18,1.41182302363,0.498777777778,1.40970476818,0.4952,6.698575667,0.289676834,6.988576292,18
19,1.40084992977,0.505311111111,1.42406047897,0.4866,7.007340625,0.296899125,7.304261709,18
20,1.39383879335,0.504888888889,1.39851118832,0.4942,6.809823333,0.284811792,7.094655708,18
21,1.38515753697,0.509644444444,1.39411149254,0.5,6.547798791,0.283981708,6.832126166,21
22,1.37876648085,0.511844444444,1.38382681713,0.5026,6.481216625,0.287633916,6.769239333,22
23,1.36962111217,0.515488888889,1.38289056301,0.5006,6.669213125,0.288688208,6.957924333,22
24,1.36365771794,0.518777777778,1.37339235535,0.5054,6.690371125,0.288634708,6.979375083,24
25,1.3571663065,0.519111111111,1.36824027386,0.5116,6.696024917,0.289382292,6.985815958,25
